lateral_position_motor,elevational_position_motor,axial_position_motor,mean_error_lateral_position_tracked,mean_error_elevational_position_tracked,mean_error_axial_position_tracked,repeatability_lateral_position_tracked,repeatability_elevational_position_tracked,repeatability_axial_position_tracked,mean_error_rms,repeatability_rms
-0.01,-0.02,0.02,0.0004624463974712,-0.000128505644588,-0.0002088159952324,0.0002824230941555,0.0001692683889372,0.0001938866534898,0.0005234257264312,0.0003821081339193
-0.01,-0.02,0.03,0.0016995803307074,-0.0038183097593156,-0.0023674020681069,0.000737876732953,0.0009188409478302,0.0005930026530529,0.0048034003862565,0.0013192357283559
-0.01,-0.02,0.04,0.0028966780286804,-0.0043855468280431,-0.0021538097390078,0.0004386423148454,0.0007907651651485,0.0002143162514555,0.0056800229730736,0.0009293266822938
-0.01,-0.02,0.05,0.0030381271831301,-0.0015606489723881,-0.0014696148784251,0.0005584244621006,0.0006593532350879,0.0002195929613665,0.0037182805013579,0.0008915187250838
-0.01,-0.02,0.06,0.0031304319826304,-0.0006117046861607,-0.001267360985914,0.000986516647966,0.0009704282001056,0.0001183594646742,0.0034321991331453,0.0013888682267056
-0.01,-0.02,0.07,0.0035880770992367,0.0001590977556415,-0.0014469200715997,0.0010321554377524,0.0005341529943472,0.0001412209109254,0.0038721036994785,0.0011707295224494
-0.01,-0.02,0.08,0.0030912395113069,0.0011554460218058,-0.0015538252761189,0.0017430926393096,0.0011185209248009,0.0001439894032526,0.0036476280257556,0.0020761006615003
-0.01,-0.02,0.09,0.0033106987477865,0.0004771895371098,-0.0015982339453247,0.0006185648823373,0.0004399042959848,4.826767496209073e-05,0.0037071266227242,0.0007605708854098
-0.01,-0.02,0.1,0.0034131885667806,0.0003562591220702,-0.0015801112913213,0.000536773505586,0.0002732958559405,6.786439800499081e-05,0.0037780323512936,0.0006061534440139
-0.01,-0.02,0.11,0.0032790599651665,0.0002429782500057,-0.0015822309534806,0.000797425409582,0.00032025621491,5.566299294195267e-05,0.0036489351152474,0.0008611327980159
-0.01,-0.02,0.12,0.0026945181817378,3.662421872601074e-05,-0.0015663640769052,0.0016044976660247,0.0004482886310387,9.693741254345568e-05,0.0031169321433954,0.0016687637097408
-0.01,-0.02,0.13,0.002699850137081,0.0001261622790622,-0.0014920229503967,0.0010723793689196,0.0005086883996926,0.0001020620125018,0.0030872706664407,0.0011912925976696
-0.01,-0.02,0.14,0.0012146570183341,-0.000289965927206,-0.0014162322536114,0.0006259253880507,0.0003741218170389,8.890195595272217e-05,0.0018881699360221,0.0007346109740285
-0.01,-0.01,0.02,0.0011345020926384,-0.0007963540915779,-0.0005976671773254,0.0004383895686661,0.0004342837838418,0.0003239509587381,0.0015094637763875,0.0006969447915657
-0.01,-0.01,0.03,0.0022803052133549,-0.001388418166525,-0.0006382896352883,0.0002639583084616,0.0003954640330086,0.0001645466376111,0.0027449791492299,0.0005031315791704
-0.01,-0.01,0.04,0.0035560237871266,0.0003099278264143,-0.0007522878238197,0.000351929898143,0.0003663905329052,0.0002043894787766,0.003647916857888,0.000547605455455
-0.01,-0.01,0.05,0.0022236746903553,0.0006131079926272,-0.0011314432286189,0.000953587175406,0.0004956040454673,0.0002653300762194,0.0025692011051566,0.0011069561510417
-0.01,-0.01,0.06,0.0012909445202447,0.0006925650478268,-0.0012091485786241,0.0006673706726026,0.0004078417583218,0.0001516045457429,0.0018995326754257,0.0007966821529136
-0.01,-0.01,0.07,0.0014297224413361,0.0008930563991809,-0.0012134554542537,0.0004634820364872,0.0003680517738757,0.0001028705055515,0.0020770484180289,0.0006007162785474
-0.01,-0.01,0.08,0.0019768890189493,0.0008670285671642,-0.0011801549925208,0.0005291777940425,0.0002780999861589,6.115511056147029e-05,0.0024602021331372,0.000600923196055
-0.01,-0.01,0.09,0.0023401085520102,0.0004923765150255,-0.0011519622796244,0.0005861260153176,0.0002583326575134,5.664470251303736e-05,0.0026543473324751,0.0006430303959323
-0.01,-0.01,0.1,0.0027586858734803,0.0002196588570494,-0.001168937248706,0.0005624632016077,0.0002939860429831,5.29898407248323e-05,0.0030041657832804,0.00063686778051
-0.01,-0.01,0.11,0.0028023141930882,0.0002405421380286,-0.0011418648393476,0.0004577977650687,0.0002368120992891,5.200470146518895e-05,0.0030355692494637,0.000518037887655
-0.01,-0.01,0.12,0.0025691431643822,-0.0001715069025304,-0.0011525844096228,0.0005674403760627,0.0002951640128015,6.528700990516942e-05,0.0028210569008818,0.0006429407192748
-0.01,-0.01,0.13,0.0023696954390542,-7.87264773658129e-05,-0.001117581070623,0.0006252822030606,0.0003529793877847,7.59178158314406e-05,0.0026211909090197,0.00072203586921
-0.01,-0.01,0.14,0.0019140684084304,-9.36624535939204e-05,-0.0010699528814731,0.0006235641264211,0.0003060774831804,5.537103749975443e-05,0.0021948188298667,0.0006968368512523
-0.01,-0.0,0.02,0.0002251590104273,0.0011331449212753,-0.0011310046876023,0.0003721073460888,0.0003092382187723,0.0002111094382322,0.0016167515566614,0.0005278819450156
-0.01,-0.0,0.03,0.0007376953359149,0.0006578470496708,-0.0007201461222909,0.0002216567137492,9.239523996891284e-05,6.556495146022682e-05,0.001222934007558,0.0002489324044374
-0.01,-0.0,0.04,0.0032433382158092,0.0006601581567421,-0.000834503721323,0.0002471601212148,0.0001337338438692,6.418826144950304e-05,0.0034134217487652,0.0002882585634857
-0.01,-0.0,0.06,0.002976500609699,0.0009237041413533,-0.0008176402095405,0.0005348544638797,0.0003119576684926,5.452030827600171e-05,0.0032220057002665,0.0006215781113247
-0.01,-0.0,0.07,0.0028034096558178,0.0007306470869444,-0.0007355992519703,0.0002468916419019,0.000207518847784,4.461042960985309e-05,0.002988989314717,0.0003255912244772
-0.01,-0.0,0.08,0.0027823874328073,0.0005180628044914,-0.0006779862895178,0.0002422229746083,0.0001491459678609,3.256774299397166e-05,0.0029102807947715,0.0002863165154877
-0.01,-0.0,0.09,0.0030386512383707,0.0003617815149657,-0.0006846990912455,0.0003430852904029,0.0001811018606028,3.999302713054258e-05,0.00313577742491,0.0003900062084425
-0.01,-0.0,0.1,0.0027115717747684,0.0001954711662217,-0.000530230086447,0.0003868039704739,0.0002480771885272,4.0493086428264875e-05,0.0027698329211558,0.0004613017375758
-0.01,-0.0,0.11,0.0010976832735267,-1.5669333720581428e-05,-0.0006729224011628,0.0005916532877582,0.000256314018518,3.40579646978527e-05,0.0012876251997326,0.0006456860180949
-0.01,-0.0,0.12,0.0013842489213239,-9.987490513253232e-05,-0.0006553628655068,0.0007883912202408,0.0002523229115398,4.10526066115528e-05,0.0015348031008396,0.0008288020779114
-0.01,-0.0,0.13,0.0007701287707681,-0.0002456936209679,-0.0006637534524071,0.0004917843822983,0.0003583353895502,3.9414072627423334e-05,0.0010459600014013,0.0006097619200948
-0.01,-0.0,0.14,0.0002945582747704,-0.0006903617980871,-0.000672084765677,0.0004106458976593,0.000333521871538,4.914832782707308e-05,0.0010075028147598,0.000531302597572
0.0,-0.02,0.02,-0.0027728121731484,0.0025626386527436,0.003311554213665,0.0021868303598738,0.0012671208407469,0.0014115546467694,0.0050221504878028,0.00289487629593
0.0,-0.02,0.03,0.0018130504288521,-0.0017563426395423,-0.0001714941769531,0.0006344042727656,0.0006612012087573,0.0002383458083602,0.0025300793619498,0.0009468181156527
0.0,-0.02,0.04,0.0029947421463188,-0.0048012341425677,-0.0017371615194433,0.0008188953440734,0.0011230304785964,0.0005334822791151,0.0059192955627618,0.0014887546414811
0.0,-0.02,0.05,0.0030732737424571,-0.0006317206527651,-0.0015777514988428,0.0006186557904218,0.0006827978710104,0.0001401357286327,0.0035118915517577,0.0009319795824578
0.0,-0.02,0.06,0.0033894739399109,-0.0017498546656358,-0.001848552593594,0.001385297284088,0.0008790394403891,0.0002512777793756,0.004238829040132,0.0016597889701613
0.0,-0.02,0.07,0.0013460554885302,0.0001335922080201,-0.0014411345852789,0.0023863168956602,0.001101322012961,0.0001943329259107,0.0019765073106703,0.0026353716604758
0.0,-0.02,0.08,-0.000578527939146,0.0015491446363482,-0.0012679230129425,0.0031201258524289,0.0015795277175724,0.0001599955496872,0.0020837880044401,0.0035008130086445
0.0,-0.02,0.09,0.0014431138722925,0.0009597576666823,-0.0013574461701134,0.0022187762830202,0.0010931412845559,0.0001010380799048,0.0022014478262984,0.0024755069694275
0.0,-0.02,0.1,0.0018140633534825,0.0004312071774401,-0.0014283423513273,0.0005019297175701,0.000336308591594,6.863486843239743e-05,0.0023488140311483,0.0006080687916056
0.0,-0.02,0.11,0.0023292523191119,0.0004157225226591,-0.0014196810018834,0.0006172650346878,0.0002096939241156,8.988189337849094e-05,0.0027592998621105,0.0006580778218543
0.0,-0.02,0.12,0.0016488928259189,0.0004779979155907,-0.0013409813905551,0.0006442804686567,0.0003855458605556,6.520155984616854e-05,0.0021784307766122,0.0007536538836167
0.0,-0.02,0.13,0.0012947359276618,0.0003516231461689,-0.0012637629001729,0.0005302582641218,0.0002426950761981,6.08741648249068e-05,0.0018431160102266,0.0005863278866159
0.0,-0.02,0.14,0.0009225731693511,0.0002540009270516,-0.0012567061430767,0.0006290456284825,0.0002905516768251,5.35757452422664e-05,0.0015795467874667,0.0006949741290848
0.0,-0.01,0.02,0.0005176798882129,-0.0011049330261866,-0.0020173859341501,0.000136199169305,0.0001435194361579,0.0001517382192936,0.0023576928269656,0.0002493441987872
0.0,-0.01,0.03,0.0014370253067032,-0.0026501137932983,-0.0008261968533614,0.0003187908823908,0.0005472187929043,0.0001657130325906,0.0031258192670146,0.000654627255141
0.0,-0.01,0.04,0.0009961771897141,-9.061825273948934e-05,-0.0008827560248666,0.0002882114906669,0.0002358693757411,7.095033597117008e-05,0.0013341060154556,0.0003791229034751
0.0,-0.01,0.05,0.0021464837801055,-0.0004087575013719,-0.0010383026449643,0.0003822132121858,0.0002795671039784,5.89205777916592e-05,0.0024192039384318,0.0004771963324288
0.0,-0.01,0.06,0.0026665293462284,0.0001014431650789,-0.0011187147023571,0.0004290116958888,0.0003125510424386,3.9376155860617216e-05,0.0028934740460748,0.0005322496322115
0.0,-0.01,0.07,0.0027352487569613,0.0005602576914277,-0.0010902250519944,0.0008944575860112,0.0002997889294222,6.897425235088426e-05,0.002997343007942,0.0009458780169052
0.0,-0.01,0.08,0.0035299780414105,0.0006443708346138,-0.0010369524578736,0.0011333470779037,0.0004241841153841,8.808073942508518e-05,0.0037351344213069,0.0012133284713526
0.0,-0.01,0.09,0.0023743216823456,0.0005295112498946,-0.0010539518566483,0.0007210892086043,0.0004563080777047,6.669430987994184e-05,0.0026511507183021,0.0008559409088918
0.0,-0.01,0.1,0.0018744516706013,0.0004812606868124,-0.0010683690490212,0.0007604380641341,0.0003722704118435,5.642619254540049e-05,0.0022105640318701,0.0008485488931838
0.0,-0.01,0.11,0.0015885269206817,0.0004853787636898,-0.0010161230774947,0.0004295033832039,0.0002243011959384,3.545112363298174e-05,0.0019471816634791,0.0004858404726346
0.0,-0.01,0.12,0.0011704812771293,0.0003853892080674,-0.0009919055437274,0.0004320474489226,0.0001666634956208,5.1710187937416305e-05,0.0015819064035152,0.000465956717335
0.0,-0.01,0.13,0.0011071043524216,0.0003679927494636,-0.00092342159846,0.0003229222121159,0.000264428497079,3.942855036492584e-05,0.0014878864739325,0.000419232388693
0.0,-0.01,0.14,0.0008523743975782,0.0002613027630863,-0.0008696699131962,0.0005896639754632,0.0002211380655677,5.014642823390737e-05,0.0012454505231289,0.0006317596950319
0.0,-0.0,0.02,-0.0003906491657872,0.0007236258138183,-0.0015380745804323,0.000177200318015,6.816291580462612e-05,0.0001179653569656,0.0017441085127155,0.0002235217243125
0.0,-0.0,0.03,-0.0005846975841437,0.0008829016826089,-0.0008494797229689,0.0006052934788939,0.0001591123117682,0.0002391239631956,0.0013575722617204,0.0006699829797257
0.0,-0.0,0.04,-4.252716225527901e-05,0.0015962113063534,-0.000294304228598,0.0004085428387673,0.0001875292207655,0.0001404243817051,0.0016236730191238,0.0004709495373458
0.0,-0.0,0.05,0.0020487595772569,0.0006356225312029,-0.0008865929763683,0.0002059331805805,9.5591378655254e-05,6.898761081504543e-05,0.0023210943352911,0.0002372877514394
0.0,-0.0,0.06,0.0027834903275107,0.0004113707130111,-0.0008119119064365,0.0001658549811689,8.206507792037616e-05,3.529253834820508e-05,0.00292852270107,0.0001883828948065
0.0,-0.0,0.07,0.0035490880107764,0.0003280873919894,-0.0007363249193412,0.0001658108276028,0.0001533292795579,3.3777860504055745e-05,0.0036394836765484,0.0002283507004156
0.0,-0.0,0.08,0.0034533521988581,6.129460139677578e-05,-0.0004976324838047,0.0003131893422603,0.000241806024181,6.335792109197065e-05,0.0034895610793417,0.0004007142917352
0.0,-0.0,0.09,0.0027181114059654,0.000281207495201,-0.0004078952033685,0.0004100258409789,0.000263048300583,6.06182982684379e-05,0.0027628944546485,0.0004909075032987
0.0,-0.0,0.1,0.0001556572813076,0.0006104720070942,-0.0005050610704917,0.0006921903066231,0.0005194780658179,6.961416757615745e-05,0.0008074601820498,0.0008682344232845
0.0,-0.0,0.11,-0.0004716959803774,0.000362867437354,-0.0004805494049891,0.0006686656097271,0.0004189540505502,6.777500053648208e-05,0.000764916731175,0.0007919783108153
0.0,-0.0,0.12,-0.0005847047011652,-7.325901492751116e-05,-0.0004739893597311,0.0005463640978557,0.0002622629777611,5.8850306926135183e-05,0.0007562488902281,0.0006088997910618
0.0,-0.0,0.13,-0.0007605445248988,9.954169971874418e-05,-0.000417591232835,0.0005961319682793,0.000391762903392,7.550456921151261e-05,0.0008733378281496,0.0007173231043613
0.0,-0.0,0.14,-0.0010163811884876,-0.0004722092121282,-0.0004291154646585,0.0004074603448403,0.0003025866600684,3.499770764779023e-05,0.001200063474296,0.0005087312247242
0.01,-0.02,0.02,0.0010747364468874,-0.000638872316439,-0.0012506523890278,0.0003928789729701,0.0002751175744091,0.0001729237149618,0.0017684308482837,0.0005098491721548
0.01,-0.02,0.03,-9.913550503412328e-05,-0.004272030262053,-0.0018603894831144,0.0003890416408057,0.0002603749559326,0.0001801681732308,0.0046605921766593,0.0005016065057423
0.01,-0.02,0.04,0.0001212200600716,-0.0058083303741097,-0.0018362441551314,0.0006925607058391,0.0006140293852068,0.0003776353236827,0.0060928801592534,0.000999640362762
0.01,-0.02,0.05,0.002650473354869,-0.0004706509611495,-0.0012036828573068,0.000466981708597,0.0005969155178451,0.000212721484596,0.0029487919141703,0.0007871661080212
0.01,-0.02,0.06,0.0044565688217966,0.0013704107141715,-0.0010299049096476,0.0008334649621357,0.0005176844260265,0.0002330781152393,0.0047749068380276,0.0010084574437535
0.01,-0.02,0.07,0.0053675337061841,0.0022004255906141,-0.0011082434641299,0.0022216920390562,0.0010927445210445,0.0004231205107482,0.0059059710837963,0.0025117796621707
0.01,-0.02,0.08,0.0040953386552625,0.0008413074572284,-0.001295322605986,0.0033851118644371,0.0013484110660594,0.0002970179328731,0.0043769233020986,0.0036558739571096
0.01,-0.02,0.09,0.0010701678606277,0.000285308152697,-0.0012092224059493,0.0016044319153538,0.0006024651227676,0.0001431665282112,0.0016397801129925,0.0017197856406999
0.01,-0.02,0.1,0.0012739617569892,0.0001739339427485,-0.0013364827515882,0.0013198191562457,0.000559444391836,0.0001366132410674,0.0018545667202892,0.0014399874341066
0.01,-0.02,0.11,0.001270889866588,9.744569642176346e-05,-0.0013004606949773,0.0006661159762202,0.0003676895851984,0.0001001807641437,0.0018209488559342,0.0007674257686211
0.01,-0.02,0.12,0.0012159033025508,-6.274307807939923e-05,-0.0012292514345571,0.001868577405292,0.0008231976401804,0.0001268592029455,0.0017301493069563,0.0020458076966661
0.01,-0.02,0.13,0.0018737237014438,-1.832405512777639e-05,-0.0012888105643852,0.0006438070458739,0.0003909463701786,0.0001195684749266,0.0022742490961238,0.0007626422469736
0.01,-0.02,0.14,0.0008278769239569,-0.000141211874217,-0.001097937458544,0.0014000805591145,0.0007119251865036,0.0001340656029156,0.0013823124312232,0.0015763998950374
0.01,-0.01,0.02,-0.0004969758788987,-0.0028744309268919,-0.0013302360566362,0.0002513316788134,0.0002537173405438,0.0001386571873863,0.0032060670835239,0.0003831004010461
0.01,-0.01,0.03,-0.0009596422323986,-0.0039763266703573,-0.0008265613455123,0.0006938331134259,0.0006291328919565,0.0003256721926655,0.0041731631481998,0.0009916022196947
0.01,-0.01,0.04,0.0001438572986239,-0.000307834610262,-0.0010073892128269,0.0004901375820899,0.000427703095383,0.0001141732898999,0.001063151022086,0.000660454636825
0.01,-0.01,0.05,0.0012532008648102,0.0009000009293771,-0.0009207675151137,0.0003881198356293,0.0002703411222278,6.972414594563608e-05,0.0017967545456543,0.0004781033211599
0.01,-0.01,0.06,0.0015640557968034,0.00091744313628,-0.0008495192575914,0.000532531234279,0.0002965500768438,4.4962799005611105e-05,0.0020024123982937,0.0006111899188085
0.01,-0.01,0.07,0.0019947680087668,0.0005821357622247,-0.0008476307538235,0.0005125685856898,0.0003115087094803,5.656203107736158e-05,0.0022442057279332,0.000602464517194
0.01,-0.01,0.08,0.0016450589824663,0.0006592355222064,-0.0007681799099471,0.0004928019810331,0.000243547714952,5.8992933356319255e-05,0.0019315566011842,0.0005528557209205
0.01,-0.01,0.09,0.0013718986791221,0.0005371311848487,-0.0007611104284228,0.000765059534185,0.0002772097142999,3.785534128992184e-05,0.0016582837452523,0.0008146130022371
0.01,-0.01,0.1,0.0012559456503995,0.0003295148906124,-0.0007951141111372,0.0005150383171104,0.0002990921318055,5.058209703356136e-05,0.0015225590266464,0.0005977282994306
0.01,-0.01,0.11,0.0008002982124112,0.0002603146256408,-0.0007644004371369,0.0006059627910588,0.0003171424031134,6.13657762713174e-05,0.0011369032330881,0.0006866847650106
0.01,-0.01,0.12,0.0013725098846444,0.0003718499115118,-0.0007729103158926,0.000968239267132,0.00034218079543,5.411358666252095e-05,0.0016184702952329,0.0010283497729076
0.01,-0.01,0.13,0.0008145515266295,0.0002325989153352,-0.0007391430792926,0.0009023274949053,0.0003524890631469,5.1193588164178144e-05,0.0011242459413384,0.0009700846515482
0.01,-0.01,0.14,0.0006219751757171,6.76839570014659e-05,-0.0007216957085263,0.0003491730562141,0.0002491068282019,4.4745416723699594e-05,0.000955132939935,0.0004312518838922
0.01,-0.0,0.02,-0.0011304547525714,-0.0008034586217279,-0.001346921498885,0.0003265381449503,0.0002339810564145,0.0003363129965959,0.0019333057773148,0.0005239090823299
0.01,-0.0,0.03,-0.0003755405898403,0.0003297801235097,-0.0012623479721476,0.0001250996308737,7.790955843335636e-05,8.762111572143622e-05,0.0013576848188239,0.0001714563409743
0.01,-0.0,0.04,-0.0001790222876598,-2.9018623102347797e-05,-0.0002508110948784,0.0007079514477583,0.0002070381422032,0.0003751718658508,0.0003095113330394,0.0008275348775949
0.01,-0.0,0.05,0.000437812840083,-0.0002577761640041,-0.0001575223672678,0.000510915658585,0.0003930439861837,0.0002434041251463,0.0005319228608172,0.0006890311701228
0.01,-0.0,0.06,0.0007112463794033,0.0008270547413575,-0.0001443276386459,0.0003876348866625,0.0002237554052871,0.0001535033658626,0.0011003278714517,0.0004731707620766
0.01,-0.0,0.07,0.0004877772858284,0.0010787473557048,-5.425692651809869e-07,0.0002987063487302,0.0002743460065014,9.194399589652503e-05,0.0011839015298545,0.0004158664598599
0.01,-0.0,0.08,0.000936193930106,0.0004519700517026,-9.58589834659664e-05,0.0004144010842065,0.0002485127269153,7.9429255377041e-05,0.0010439947064591,0.0004896895349506
0.01,-0.0,0.09,0.0015465672590123,0.0003790124644471,-0.0001063869134415,0.0005077197465022,0.0001937319721813,5.4584763559288115e-05,0.0015958818597273,0.0005461601545759
0.01,-0.0,0.1,0.0005894695193503,-0.0002576654407784,-0.0001163645440784,0.0005981527708524,0.0002234474909107,4.9547515419092624e-05,0.0006537633369448,0.0006404455283293
0.01,-0.0,0.11,0.000460653346541,-0.0004302497885875,-0.0001136011984824,0.000667275348201,0.000318953051345,5.057409606776563e-05,0.0006404854553819,0.0007413131446779
0.01,-0.0,0.12,-7.251747764621353e-05,-0.0003420751631517,-0.0001334036152501,0.0008708723301353,0.0003002536951225,5.014263037066395e-05,0.0003742602388329,0.00092254277961
0.01,-0.0,0.13,-0.0012753633139792,-0.0001802596154818,-0.0001597712982888,0.0008592942192396,0.0004114708094111,5.056220168572635e-05,0.0012979106207187,0.0009540709189863
0.01,-0.0,0.14,-0.0012871857703846,-0.0004786132229955,-0.0001533168068506,0.0007999678322597,0.0004695310770129,5.348790699439324e-05,0.0013818190431347,0.0009291226620452
0.02,-0.02,0.02,-0.0002838590003453,-0.0010509105491887,-0.0012315882418221,0.0004471016727151,0.0003647303913302,0.0004957854956527,0.0016437148511429,0.0007607439922893
0.02,-0.02,0.03,-0.0009056901383391,-0.0035203227537016,-0.0007438711240291,0.0004771061476854,0.0004296169460873,0.0003309797034364,0.0037102952936496,0.0007223216462294
0.02,-0.02,0.04,-0.0001414850600042,-0.0027557723755673,-0.0001841336352411,0.0005824840502342,0.0007055002840347,0.0002009849649781,0.0027655387547043,0.0009367034086078
0.02,-0.02,0.05,0.0008963533082268,0.0002123871634475,-0.000645336390526,0.0005029512247734,0.0006154511681665,0.00017621616026,0.0011247295751884,0.0008141205132137
0.02,-0.02,0.06,0.0013683190753888,-4.126341213929952e-05,-0.0008602811879928,0.0006104430175029,0.0004975062767454,0.0001624192777253,0.0016168127546716,0.0008040728790327
0.02,-0.02,0.07,0.0010704235359327,0.0013576561361421,-0.0007004837044924,0.001972862787887,0.0009693275650522,0.0002948130032969,0.0018653991933478,0.0022178138368926
0.02,-0.02,0.08,0.0014697986933738,0.001787897065742,-0.0007273598746664,0.002533327494048,0.0009225958423627,0.0004485435527336,0.0024260949082851,0.0027331525019917
0.02,-0.02,0.09,0.0015439342073405,0.0015622451534385,-0.0007241331158868,0.0013814588124973,0.0004056928918089,0.0001527353850714,0.002312728156434,0.0014478754335038
0.02,-0.02,0.1,0.0017113176780327,0.001785496506258,-0.0008005488476015,0.002717260457978,0.0010022066099085,0.0002601808199152,0.002599516190833,0.0029078542852913
0.02,-0.02,0.11,0.0004844136121088,0.001222935482584,-0.0007600486013589,0.0011638822087589,0.0005021001508357,0.0001970098523005,0.0015191779417129,0.0012827857339549
0.02,-0.02,0.12,0.0010289401404345,0.001006522359636,-0.0007762440171891,0.0012339688602242,0.0004072398396235,0.0001343075216452,0.001635347011269,0.0013063544485897
0.02,-0.02,0.13,0.0010556091405328,0.0005804105590421,-0.0008830682858587,0.0007297493681286,0.0003295057274132,0.0001277407842546,0.0014936521255344,0.0008108180268372
0.02,-0.02,0.14,-0.0009082172270964,0.0005190800885547,-0.0007058943800788,0.0008212342343216,0.0002299786170039,0.0001440021528973,0.0012619784252338,0.0008649002554861
0.02,-0.01,0.02,-0.0015671391749921,-0.0017814960630524,-0.0003692816239124,0.0003241830652966,0.000539489464159,0.0004513692229828,0.0024012543251862,0.0007745177320241
0.02,-0.01,0.03,-0.0012960382294678,-0.0008831317846942,-0.00036603549214,8.1817078325234e-05,0.0004310818208491,7.795849827713167e-05,0.0016104716150512,0.0004456490749748
0.02,-0.01,0.04,-0.0004967152385965,0.0009722650819771,-0.000232680428425,0.0001701894448045,0.0003030528174979,0.0001032917120774,0.0011163178757227,0.0003625943120075
0.02,-0.01,0.05,-5.4631767195593606e-05,0.000819811469839,-0.0004846984562066,0.0003921494243065,0.0003940281815514,9.05653779168514e-05,0.0009539434309829,0.0005632419253907
0.02,-0.01,0.06,0.0002441976292767,0.0013578418865435,-0.0004899124277812,0.000469388873402,0.0002860341214042,9.32012186121725e-05,0.0014640291178426,0.0005575194169102
0.02,-0.01,0.07,0.0002491544095178,0.0014416324919742,-0.0004469120284166,0.0005362206774504,0.0003073594851543,0.0001037187657673,0.001529742632877,0.0006267057127647
0.02,-0.01,0.08,9.37970875864808e-05,0.0015356856836156,-0.0003407921002305,0.00095331510288,0.0003172643912537,0.000103005711705,0.0015758387189307,0.0010099883939831
0.02,-0.01,0.09,-0.0003264696988371,0.0011424771672887,-0.000315748852065,0.0008705198897989,0.0004314621441069,0.0001016978486059,0.0012294445410897,0.0009768863356317
0.02,-0.01,0.1,-0.0005594699124465,0.0011283871007637,-0.0003608394681026,0.001462481826033,0.0004751844179194,0.0001069852275362,0.0013101408908371,0.0015414600745466
0.02,-0.01,0.11,0.000509396454046,0.000933214047222,-0.0003987437946733,0.0007114036967012,0.0003103709102816,0.0001043236452801,0.0011355042136063,0.0007831403096469
0.02,-0.01,0.12,-0.0001680383630635,0.0007775800333869,-0.0003361061394004,0.0009545660926419,0.0003210409614554,0.0001302174102481,0.0008636173555029,0.0010154901762625
0.02,-0.01,0.13,0.0005985500688425,0.0006330309846186,-0.0004106224792805,0.0007367671932188,0.0003803625861011,0.0001095044156437,0.0009631205702762,0.0008363568681816
0.02,-0.01,0.14,-0.0009846833973681,0.0009036125720411,-0.000315668902589,0.0004972836225347,0.0003046337468531,8.806502576963376e-05,0.0013732312002955,0.0005897865459019
0.02,-0.0,0.02,-0.0011952512006158,0.0017171622648594,-0.0009815240027379,0.0002634387244383,0.000108230186845,0.0002453161492432,0.0023109870281725,0.0003758906063707
0.02,-0.0,0.03,-0.0007844081828368,0.0008164464608762,-0.0010237774223427,0.0002348314448146,0.0003494234904244,0.0001549023056852,0.0015264341555656,0.0004485948143266
0.02,-0.0,0.04,-0.0005016176225182,0.0014128091174416,-0.0007871082722474,0.0004501461833828,0.0003180491367292,9.111752816949596e-05,0.0016932776717914,0.0005586494819903
0.02,-0.0,0.05,-0.0005690510268545,0.0010335035245694,-4.427169701309283e-05,0.0002684779460929,0.0002927020846787,8.464326185452568e-05,0.0011806390598392,0.0004061026959907
0.02,-0.0,0.06,-0.0002060546097564,0.0008952645024028,0.0001254157541389,0.0003705413775597,0.0001788346967643,8.664385593432119e-05,0.0009271926136735,0.0004204639330808
0.02,-0.0,0.07,0.0004428106622151,0.0007373280876082,0.0001312856908677,0.000315954807571,0.0002094456302149,8.669886470529901e-05,0.0008700401852639,0.0003888593647896
0.02,-0.0,0.08,0.0003800138630486,0.0008227632997907,0.0002044077718629,0.0013275842044418,0.0003030372729183,0.0003369296307188,0.000929049256385,0.0014027947051217
0.02,-0.0,0.09,0.0004558589169932,0.0009940646826891,0.0001826872441415,0.0006003441672129,0.0002077963960457,7.546303390978246e-05,0.0011087590246506,0.0006397555242458
0.02,-0.0,0.1,0.0001128285661369,0.0017263983888821,0.0001811211004639,0.0010347820611321,0.000540856554896,4.082856421435508e-05,0.0017395362989902,0.0011683178928145
0.02,-0.0,0.11,-0.0006195536906742,0.0016616377122664,0.0002702041867083,0.0008685231170517,0.0003802203990584,7.169479963586946e-05,0.0017938497609802,0.0009508102339627
0.02,-0.0,0.12,-0.0012892921367025,0.0011193056729154,0.000266240691459,0.001289200294368,0.0004490083800599,0.0001056431176929,0.0017280056449479,0.0013692356965397
0.02,-0.0,0.13,-0.0018405185509131,0.0006535103270318,0.0002766622279481,0.0008638403477614,0.0004660560837585,7.471189782989737e-05,0.0019725937929958,0.0009843832014547
0.02,-0.0,0.14,-0.0025978525091618,0.0004201360680137,0.0002710770412275,0.0006118063576922,0.0004038443572549,6.829154390899124e-05,0.0026455310879453,0.0007362479332187
0.03,-0.02,0.02,-0.0019779641896634,0.0007476277915486,0.0023663228361258,0.0002119546047511,0.0001708864424623,0.0001800517508823,0.0031734481900698,0.0003264131794036
0.03,-0.02,0.03,-0.0036955323413339,-0.0017505047862111,0.0024753643584832,0.0002754446502961,0.000290582637048,0.0002271984582695,0.0047800266735283,0.0004603554754433
0.03,-0.02,0.04,-0.0029025327071119,-0.0028979977700216,0.0008311079068033,0.0003898229682389,0.0009039599097463,0.0002303807386168,0.0041849525139069,0.0010110295493807
0.03,-0.02,0.05,-0.0013893958240999,0.0019795891396887,0.0005794548100547,0.001140429843473,0.000948972912113,0.0003373060656997,0.0024869583420105,0.0015214812512042
0.03,-0.02,0.06,-0.0001182143779341,0.0023662770214623,0.0004134433565477,0.001285984791177,0.0007551162512647,0.0003220760260896,0.002405031598654,0.0015256770309093
0.03,-0.02,0.07,0.0005738760291429,0.0023461451802425,0.0002398211900552,0.001989337440221,0.0005538204909856,0.0004772546747604,0.0024271887250067,0.0021194227072204
0.03,-0.02,0.08,-0.0005197041085296,0.001814850110613,4.215089392266565e-05,0.0008538736322422,0.0004555385884086,0.0002221009764316,0.0018882663960027,0.0009929473445756
0.03,-0.02,0.09,-0.001113603429772,0.0015936796077497,-3.4493520861416074e-05,0.0007960537418125,0.0003925253257117,0.0002352691140083,0.0019445094738619,0.0009182206963389
0.03,-0.02,0.1,-0.0009945292056388,0.0017531759682006,-0.0001246805290776,0.0008717097986556,0.0005623663479353,0.0002689179477929,0.0020194701163117,0.001071657942166
0.03,-0.02,0.11,-0.0016145518060749,0.0017155215742544,-7.40014395413579e-05,0.0006197651579338,0.0004377000603912,0.0001428305970288,0.0023569616075121,0.0007720691505965
0.03,-0.02,0.12,-0.0009627942760074,0.0018787909114747,-0.0002372319900799,0.0007489160185424,0.0007395153172288,0.0001718280144431,0.0021244074759965,0.0010664347020765
0.03,-0.02,0.13,-0.0008620078430882,0.0017521802889953,-0.0002995104227924,0.0008240401560803,0.0005632421185032,0.0002012726689954,0.0019755758097453,0.0010182310887875
0.03,-0.02,0.14,-0.0017201601860278,0.0013042682457258,-0.0001848308731155,0.0010630741219975,0.0006305362762297,0.0001224467352258,0.0021666169883163,0.0012420530534039
0.03,-0.01,0.02,-0.0032501139436886,-0.0005918962313419,0.0027049581281584,0.0001952629769818,0.0002875485567813,0.0002335790278292,0.0042697049395393,0.0004187731664379
0.03,-0.01,0.03,-0.0022771892935538,0.0017556626967433,0.0012943861734049,0.0003834362287607,0.0003924967321714,0.0004312352610789,0.0031533122505255,0.0006978831397085
0.03,-0.01,0.04,-0.0024754103041036,0.0008460592102007,0.0005224417102532,0.0002100443972283,0.0002485392888174,0.0002020049611905,0.0026676614667982,0.0003830097012328
0.03,-0.01,0.05,-0.0021375010795659,0.001478350424996,0.000483677401803,0.0004562965454404,0.0002416476915824,0.0001882304057121,0.0026435534178916,0.000549573316185
0.03,-0.01,0.06,-0.0014085985046877,0.0020785853179898,0.0005083002643688,0.0005654204595705,0.0003210642176275,0.0001284589323838,0.0025618422727266,0.0006627852029511
0.03,-0.01,0.07,-0.0016770068449538,0.0016165215193382,0.0004709475055733,0.0005352744440184,0.000279176703645,0.0001648546374005,0.0023764017618053,0.0006258078089556
0.03,-0.01,0.08,-0.0015901791559656,0.0017054160593904,0.0003900809311405,0.0007898495760224,0.0002652761789986,0.0002086117347861,0.0023641651415528,0.0008589252934786
0.03,-0.01,0.09,-0.0022769615352732,0.0017277076900643,0.0004399788889627,0.0010666476422191,0.0003721699553868,0.0001666748745437,0.0028919040644797,0.0011419405335429
0.03,-0.01,0.1,-0.0020385744353621,0.001681711667778,0.0002745721842022,0.0019774987514544,0.0005757530748226,0.0001915375906402,0.0026569399214868,0.002068496933476
0.03,-0.01,0.11,-0.0010929506497421,0.0012531159036986,0.0001376449378981,0.0012881653821236,0.0006183272909427,0.0001701102941053,0.0016684683754279,0.001438970535691
0.03,-0.01,0.12,-0.0015132024170328,0.0010031377267565,0.0002212432310564,0.000719072351174,0.0009347973662802,0.0001233363554602,0.0018289383316679,0.0011858005813819
0.03,-0.01,0.13,-0.0010526181532481,0.000967888925769,0.0001220684588185,0.0005920129155046,0.0003916315284985,0.0001410757400429,0.0014351706023369,0.0007237105157914
0.03,-0.01,0.14,-0.000795377270276,0.0010789747715379,9.281416773472515e-05,0.0004544872469995,0.0004316182610322,0.0001133792797328,0.0013436614266322,0.0006369519934928
0.03,-0.0,0.02,-0.0028316954381275,0.0005693364724497,0.0003435543722343,6.575741160246203e-05,6.851340062489505e-05,5.1290863550127455e-05,0.0029087235482003,0.0001079299584432
0.03,-0.0,0.03,-0.002916734204011,0.0005822343468331,0.0010632441438641,0.0001801170573836,0.0002633140745262,0.0001670239753329,0.0031586109860097,0.000360102019628
0.03,-0.0,0.05,-0.0027481523970885,0.0013721635482475,0.0011881852255323,0.0003505337908086,0.0002641536979388,9.578298856078796e-05,0.0032934721087229,0.0004492499254658
0.03,-0.0,0.06,-0.0017774281716696,0.0013392540151686,0.0011240691782064,0.0004024268995262,0.0003031904249328,0.0001133495889659,0.0024932676831788,0.0005164493901167
0.03,-0.0,0.07,-0.000821803119073,0.0016401291788078,0.0009439168794418,0.0003307165289609,0.0002640870878029,8.172280513649494e-05,0.002063095529778,0.00043103831541
0.03,-0.0,0.08,0.0002199345503052,0.0011797537695342,0.0006812730508842,0.0003051720328905,0.0002461181535497,8.592386709991732e-05,0.00137997214936,0.0004013564825721
0.03,-0.0,0.09,-0.000302089457651,0.0008131490487836,0.0006708081511736,0.0002865464332431,0.0002107468012895,7.057948301546133e-05,0.0010965641757976,0.000362635541668
0.03,-0.0,0.1,-0.0003518002675217,0.0010627104619127,0.0006558783859755,0.0003396599938485,0.0002082250540798,6.1032203363561005e-05,0.0012974179786318,0.0004030527439618
0.03,-0.0,0.11,-5.583279092816142e-05,0.0011339952375685,0.0005976789307569,0.0005144849275097,0.0003074586143549,0.0001140149628542,0.0012830754473692,0.0006101024110183
0.03,-0.0,0.12,-0.0003559943839453,0.0011453635314301,0.00061834293627,0.0007741047169074,0.0005344018453941,0.0001374853045756,0.0013494212119889,0.0009506448622242
0.03,-0.0,0.13,6.566959155878424e-05,0.0008289762292339,0.000566994292104,0.0007380600561963,0.0004906210279058,9.114137356481951e-05,0.0010064773276974,0.0008909255802542
0.03,-0.0,0.14,-0.0012960452321801,0.0013094098400279,0.000647953909803,0.0010498933931818,0.0003993493901423,0.0001213888744303,0.0019529801950475,0.0011298191586662
0.04,-0.02,0.02,-0.0018259593987691,-0.0020377170199136,0.0004960956388984,0.0001824337387373,0.0002101456946549,0.0002378764459883,0.00278074257387,0.0003660990106074
0.04,-0.02,0.03,-0.0023375586473607,-0.0032573590780289,0.000770101032766,0.0001224020608446,0.0002630165119819,0.0001297946020687,0.004082600175591,0.0003178153375788
0.04,-0.02,0.04,-0.000916374863198,0.0004394531967906,0.0004934765777905,0.0004171180871458,0.0008937571284963,0.0002100103277835,0.0011297703903442,0.0010084114443708
0.04,-0.02,0.05,-0.0006327730436816,0.0006521650809913,-3.587121450430961e-06,0.0001991927183348,0.0002368404252842,0.0001016959919522,0.0009086990068856,0.0003257502123799
0.04,-0.02,0.06,-0.0002415082397037,0.0008003707318255,-5.200817575496883e-05,0.0003983647936368,0.0001636175576936,0.0001108637335563,0.0008376302218479,0.0004446976291965
0.04,-0.02,0.07,0.000633975866624,0.0012905672770737,-0.0001584459295065,0.0005607047785896,0.0002719133494392,0.000191430603094,0.0014465802461988,0.0006518990674464
0.04,-0.02,0.08,0.0032028588181471,0.0020391801356225,-0.0006817376716503,0.0009970416276157,0.0002992747666052,0.0002854688614755,0.0038576322384913,0.0010794210781698
0.04,-0.02,0.09,0.0032168368973727,0.0019787603305849,-0.0006779379083338,0.0009803278514009,0.000432833914001,0.0002065158691462,0.0038370733479764,0.0010913462775632
0.04,-0.02,0.1,0.001355523228549,0.001305213110023,-0.0004848938843441,0.0007056897646672,0.0002953074584903,0.0001328856135807,0.0019432309602274,0.000776442609143
0.04,-0.02,0.11,0.0003827581996844,0.0008423303745864,-0.0004546992173377,0.0008231409372746,0.0002766863692891,0.0001741411944728,0.0010309101210212,0.0008856870243941
0.04,-0.02,0.12,0.0001784111472176,0.0010891590764167,-0.0003644394000525,0.0005858556625944,0.0002917288202306,0.0001512482550436,0.0011622883065329,0.000671720623921
0.04,-0.02,0.13,-0.0004240932442737,0.0010516156942215,-0.0003132977856327,0.0005112325343346,0.0003509939141488,0.0001847190105916,0.0011763954057433,0.0006470521963534
0.04,-0.02,0.14,-0.0009651007878986,0.0007185795145752,-0.0002780579175999,0.0004016208973603,0.000360902795997,0.000172089332045,0.0012349462559601,0.0005667141356616
0.04,-0.01,0.02,-0.0029312392173713,-0.0017808596354979,0.0024761013599662,0.0001052617689397,0.0005625267377072,0.0001015248618609,0.0042302130366718,0.000581226004418
0.04,-0.01,0.03,-0.0012690047567438,0.0002911799973727,-2.1617987865332575e-05,8.574924084384981e-05,0.0001184870740848,8.740530293401505e-05,0.0013021621254313,0.000170387223733
0.04,-0.01,0.04,-0.0012879815580237,0.0002991461153446,0.0002162551955411,0.0002512659027618,0.0003187367467788,0.0001978939826915,0.0013398325274949,0.0004515414665603
0.04,-0.01,0.05,-0.0017843613420819,0.0003072893218719,0.0002461778051615,0.0002148293529994,0.0001923285317817,0.0001009815621016,0.0018272864138407,0.0003055146329261
0.04,-0.01,0.06,-0.001560188235502,0.0006672559916431,0.0002414509475048,0.0002031868983122,0.0001607127930356,5.724929910284698e-05,0.0017139767934933,0.000265313022181
0.04,-0.01,0.07,-0.0010653676558584,0.0013026115475075,0.0002724749537301,0.0006623633986111,0.0002786576115729,0.0001638819890779,0.0017047133736378,0.000737043175568
0.04,-0.01,0.08,-0.0002551835093622,0.0015487201377566,0.0001710082270914,0.0009883675615258,0.0002702697858109,0.0002064224837952,0.0015788909089219,0.0010452398938115
0.04,-0.01,0.09,-0.0022892557280747,0.0019406808279112,0.0005393163820172,0.0035514240486681,0.0008292067784971,0.0006948252193832,0.0030492287589253,0.0037125434328038
0.04,-0.01,0.1,-0.0015198958768962,0.0014211452248384,0.0003256831345015,0.0028948815506992,0.0007964843232175,0.0005240795349659,0.0021061354967774,0.0030478493776235
0.04,-0.01,0.11,1.1760000273920054e-05,0.0009243591839916,0.0001033519893986,0.0010221080605103,0.0003723383492984,0.0001904184477997,0.0009301934381346,0.0011043549787006
0.04,-0.01,0.12,-0.0003238903758472,0.0008218027945038,0.0001103426811367,0.0011306695120541,0.0009373910836188,0.0002015522933877,0.0008901911681775,0.0014824772902499
0.04,-0.01,0.13,-0.0013115271224158,0.0015898699989332,0.0001354182639076,0.0018632230623087,0.0011191010497771,0.0003316711789769,0.0020654607506656,0.0021986343739911
0.04,-0.01,0.14,-0.0020125332867903,0.0014858438347905,0.0003435085438425,0.0026466370061209,0.0008454426153717,0.000380921055951,0.0025250782664141,0.0028043825539541
0.04,-0.0,0.05,-0.0013233537227856,0.0009200548181227,0.0007563567990562,0.0002688058697356,0.0002393012394178,0.0001029191807747,0.0017804048841316,0.000374318095425
0.04,-0.0,0.06,-0.0012465525094044,0.0001899485986733,0.0005250872722462,0.0005671863620416,0.0002486125816054,0.0001543766492313,0.0013659027316451,0.0006382325084531
0.04,-0.0,0.07,-0.0002111839811043,0.0002904500273017,0.0003775466706781,0.0007250135015312,0.0002760748190263,0.0001805555316495,0.0005210579437786,0.0007965313447142
0.04,-0.0,0.08,0.0033779663218739,1.3347504725022549e-05,-0.0003049456431155,0.0004329119625537,0.0001713645227241,0.000136130625255,0.0033917291272818,0.0004850877385617
0.04,-0.0,0.09,0.0028619442201696,-0.0001557812680913,-3.007588657513395e-05,0.0004514666107595,0.0002507721530644,0.0001515533070718,0.002866338619529,0.0005382166647993
0.04,-0.0,0.1,0.0028678927138512,0.0009381113472422,1.1293566204469944e-05,0.0004812441999432,0.0003578159895445,0.0001470171971152,0.0030174474415677,0.0006174482315144
0.04,-0.0,0.11,0.0029084112605723,0.0009424993773618,6.322568164424434e-05,0.0008168186571544,0.0003899264817157,0.0002056459561709,0.0030579664196604,0.0009281840545432
0.04,-0.0,0.12,0.0020310920414247,0.0003118705620536,0.0002642991307504,0.0004876541543646,0.0003616321145319,0.0001520225915085,0.0020718233898501,0.0006258555974495
0.04,-0.0,0.13,0.0020851371129619,0.0001693407711749,0.0002804287191515,0.0004395944589707,0.0002607667921902,0.0001362944712365,0.0021107139415748,0.0005289790082381
0.04,-0.0,0.14,0.0026100987389585,-0.0003848267240527,3.271883687685552e-06,0.0003646151109353,0.000275623975098,0.0001361357222689,0.0026383172174477,0.0004769126645927
0.05,-0.02,0.04,-0.0004674159706243,0.0008316316472542,0.0001390350141021,0.0001440455476752,0.0001958491780307,0.0001088653403912,0.0009640641168801,0.0002663788330157
0.05,-0.02,0.05,-0.0002846117347281,0.0005145816431056,4.8256005369199646e-05,0.0001938137072328,0.0001949095893278,0.0001199733281059,0.0005900226682259,0.0002999118213409
0.05,-0.02,0.06,-0.0004574500900474,0.0007657477111449,0.0002205698794144,0.0003487471339673,0.0002024517493373,0.0001414618245874,0.0009188477641661,0.0004273437984525
0.05,-0.02,0.07,-0.0011764365496729,0.0006972428184171,0.0003846883380496,0.0003516985364762,0.0002323023294817,0.0001114827654131,0.0014206110025872,0.0004359869720832
0.05,-0.02,0.08,0.0003046331805648,0.0010567361353071,4.514826276870808e-06,0.0006909931906439,0.0002553024822637,0.0002083957327715,0.0010997786222787,0.0007655584421869
0.05,-0.02,0.09,0.0012700148125666,0.0013960914024311,-0.0002138215813778,0.0004672486147212,0.0002896958724961,0.0001250089091183,0.0018994021419235,0.000563801555389
0.05,-0.02,0.1,0.0025459950616657,0.0015637785124174,-0.0005834240198096,0.0009063971914054,0.0003429650327405,0.0002630293000699,0.0030443189183815,0.0010041739366094
0.05,-0.02,0.11,0.0028453990061265,0.0015488636898567,-0.0006038478092364,0.000958152619765,0.0004091868045152,0.0002142095810181,0.0032954372108329,0.0010636616136497
0.05,-0.02,0.12,0.001289406214257,0.0007462761662287,-0.0004180721568476,0.0006166692696596,0.0002791008183886,0.0001351442376467,0.0015473463833211,0.0006902479409146
0.05,-0.02,0.13,0.0010986167822141,0.0007400151510074,-0.0004563017884159,0.000260984710051,0.0002850682067286,0.0001195228278372,0.0014009969949984,0.0004045523547603
0.05,-0.02,0.14,0.0013325000322598,0.000657914837611,-0.0006983149805532,0.0003143205225021,0.0002773107284823,0.0001468695920367,0.0016419659197395,0.0004441500963215
0.05,-0.01,0.04,-0.0012541605416252,0.0004095372267412,0.0003233453282423,0.0002036606174427,0.0001654632778869,0.0002039774135222,0.0013583782998682,0.0003323590357632
0.05,-0.01,0.05,-0.0011108588545583,0.0006115638101441,0.0004511821725009,0.000141040923911,0.0001586993290159,7.742557978018487e-05,0.0013459506088305,0.0002259927867257
0.05,-0.01,0.06,-0.0016822657597459,0.0003933712957014,0.0005768688824611,0.0003309120777725,0.0003134558880958,0.0001044754841392,0.0018214106539293,0.0004676243404527
0.05,-0.01,0.07,-0.0018724050487122,0.0006260753141062,0.0006765971677011,0.0003397372349837,0.0002110439571111,9.4542343700297e-05,0.0020870205300182,0.0004109734728907
0.05,-0.01,0.08,-0.0011817970310544,0.0008793509473225,0.0005328981140596,0.0003794167787712,0.0001731027187569,0.0001266382462081,0.0015664873798197,0.000435842733858
0.05,-0.01,0.09,-0.0004722749152987,0.0013700846813684,0.0003835405290681,0.0019737766772022,0.0005984632708237,0.000561225444435,0.0014990927146707,0.0021375047736727
0.05,-0.01,0.1,0.0001464390617231,0.0012215629077056,0.0010834881069415,0.0024785127952268,0.0006055378914231,0.0009355941505156,0.0016393922087665,0.0027175426820073
0.05,-0.01,0.11,-0.0009151189318828,0.0011365550973957,0.0005314724184154,0.0017722636482078,0.0006386798811596,0.0004930208005851,0.0015529530193933,0.0019472801388517
0.05,-0.01,0.12,-0.0001067372738595,0.0010485255917349,0.0003469034316683,0.0023279520893732,0.0006762995509551,0.000503872353452,0.0011095678226487,0.0024760107757464
0.05,-0.01,0.13,-0.0001070373485217,0.0008788307176987,0.000289149333705,0.0033085685050344,0.0008245671729258,0.0006528358315916,0.0009313472829893,0.003471704365032
0.05,-0.01,0.14,-0.0004061042017689,0.0009300395241954,0.0001910193399996,0.0024203079975469,0.0006335587633375,0.000491796362081,0.0010326579915509,0.002549735510077
0.05,-0.0,0.05,-0.0018349714736976,0.0008991175115988,0.0008971256405117,0.0002942238532161,0.000209068334283,0.0001125766429632,0.0022316735925782,0.0003780882763881
0.05,-0.0,0.06,-0.0014588459508179,0.0001593478673844,0.0010605637986254,0.0002870969614438,0.0001808028465303,0.000112823458381,0.0018106404452603,0.0003575520484416
0.05,-0.0,0.07,-0.0022091638600319,-0.000859631673107,0.0011394030638631,0.0003946287950806,0.0002670686545276,0.0001256812579382,0.0026301351516264,0.0004928015125129
0.05,-0.0,0.08,-0.0007391782485683,-0.0005547413892636,0.0007730664245146,0.0005143544419771,0.0001531064903658,0.0001765421921666,0.0012048876249802,0.0005649506482771
0.05,-0.0,0.09,0.0001098452705145,-0.0006410670725938,0.0006341354158878,0.000999395722037,0.0001977309427367,0.0002921058166272,0.0009083835647466,0.0010598184481546
0.05,-0.0,0.1,0.0037108988596657,-0.0003932049292164,-0.0002796381393062,0.0011307547087922,0.0003926668947124,0.0003131542814486,0.0037421354801748,0.0012372789118256
0.05,-0.0,0.11,0.0044758350985393,-0.0003506785496672,-0.0003501554464005,0.0005040665587403,0.0002271329114105,0.0001580867417783,0.004503185995621,0.0005750338016258
0.05,-0.0,0.12,0.0043164168581884,0.0001778241653987,-0.0002514880282349,0.0007833135342873,0.0002783840359826,0.0002580802790761,0.0043273920732698,0.0008704499956549
0.05,-0.0,0.13,0.0044533942134935,0.0005374933467431,-0.0001356824510242,0.0006356084482877,0.0003418110534772,0.0001613752418274,0.0044877643483238,0.0007395098812652
0.05,-0.0,0.14,0.0009457829931564,2.2882335033950942e-05,0.0005159736788705,0.0006879538849326,0.0003531431102801,0.0001730062877937,0.0010776167726459,0.0007924151561828
0.06,-0.02,0.05,-0.0003724668038005,0.0003206464678188,7.655965801127092e-05,0.0001555441769286,0.0001894094331857,9.903362134718675e-05,0.000497400300053,0.0002643436825674
0.06,-0.02,0.06,-0.0001040758366111,0.0004951248144057,0.0001611422628546,0.0001699934423296,0.0001793421915767,0.0001304034796423,0.0005309869965305,0.0002794037573431
0.06,-0.02,0.07,-0.0001932268499786,0.0001532277411526,6.061427481923147e-05,0.0003266240808727,0.0002554061505938,0.0001493416432738,0.000253947723997,0.0004407023013133
0.06,-0.02,0.08,-0.0011625240830546,0.0005403962774739,0.0005782006922881,0.0004054890013408,0.0002989285221357,0.0001949838342331,0.0014063450575702,0.0005401835680275
0.06,-0.02,0.09,-0.0008508487084779,0.0006285512192011,0.0003997169925272,0.0002736500610464,0.0002804271607521,0.0001224056373948,0.0011308376691607,0.000410495905539
0.06,-0.02,0.1,0.0005953987795268,0.0009749597634017,-2.6897515749675603e-05,0.0006968686484276,0.0003251097569426,0.000268323764406,0.0011427028149383,0.0008144445406323
0.06,-0.02,0.11,0.0011906009644486,0.0010717312588008,-0.0001935901401038,0.0004149010572678,0.0002499533202252,0.0001270463846427,0.0016135723380073,0.0005007597562348
0.06,-0.02,0.12,0.0013285516440242,0.0013986885468252,-0.0001268683208716,0.0012225701428215,0.0006860619029978,0.0003491055480458,0.0019332549476726,0.0014447260544961
0.06,-0.02,0.13,0.0016794843555052,0.0011199209358288,-0.0002499341860395,0.0006878788567295,0.0002697829258141,0.0001788946997617,0.0020340495815603,0.0007602390822624
0.06,-0.01,0.05,-0.0009258294400578,-0.0002588217551821,0.0002172529168919,0.0001221623795684,0.0001624903836016,8.226687295948318e-05,0.0009855697250481,0.0002193048338075
0.06,-0.01,0.06,-0.0009479125816103,0.0002088627043303,0.0004980268514608,0.0002680743824339,0.0002216005164011,0.0001837508896763,0.0010909595026449,0.0003933637665615
0.06,-0.01,0.07,-0.0014497649718203,0.0002994593820058,0.0007233878203682,0.0003086611730293,0.0001863301765102,0.0001270154825862,0.001647660260383,0.0003822611505644
0.06,-0.01,0.08,-0.001922752792959,0.0002895237633356,0.0009593513549879,0.0003606439628892,0.000260944218378,0.0001482044999336,0.0021682152417795,0.0004691700404693
0.06,-0.01,0.09,-0.0019664297712023,0.0004859607743524,0.0010174856564014,0.0004192440617081,0.000238436972917,0.000159679004785,0.0022667776644971,0.000508050349769
0.06,-0.01,0.1,-0.0020073761911737,0.0006827610726723,0.0010530302611777,0.0017852121943991,0.0006867316395254,0.0005891561080441,0.0023674024977185,0.0020014214557165
0.06,-0.01,0.11,-0.0029592366443673,0.0013942014511273,0.0015315901431538,0.0036320550255359,0.0008935697074425,0.0014261133992126,0.0036120143369453,0.0040030101121523
0.06,-0.01,0.12,-0.0001682119500691,0.0009236016200222,0.0005526296651213,0.0020584703900195,0.0005105843339061,0.0006112790151943,0.0010893735628451,0.0022071834411835
0.06,-0.01,0.13,0.0003369521742834,0.0010557717861593,0.0004859698076388,0.0026538408739449,0.0004209646844247,0.0007045458981426,0.0012101063945542,0.0027778530508907
0.06,-0.0,0.05,-0.0021605240591965,0.0006443208331541,0.0009928553530359,0.0003565420560457,0.0002146200978707,0.000202373520938,0.0024634884409015,0.00046275162465
0.06,-0.0,0.06,-0.0027483670135413,0.0004159708969193,0.0016317279429464,0.0002278442046496,0.0001147669470876,9.533245062972314e-05,0.0032232109934037,0.0002723466722383
0.06,-0.0,0.07,-0.0017686064004093,-0.0003947253596637,0.0014533426289756,0.0002428703783267,0.000192866683902,0.0001255700363469,0.0023229252046349,0.0003345914112109
0.06,-0.0,0.08,-0.001869769363317,-0.001567457596335,0.0014962094001932,0.000466091312662,0.0003166153978178,0.0001505428421437,0.0028620977197737,0.0005832234299092
0.06,-0.0,0.09,-0.0020476185489848,-0.0012357983204068,0.001535528117846,0.0004858606805514,0.0003308819554321,0.0001342656476394,0.0028421445796375,0.0006029682690428
0.06,-0.0,0.1,-0.0018970756515947,-0.0011956004809663,0.0014301402914682,0.0005001057820957,0.0002614477035563,0.000200662081949,0.0026596348981094,0.0005989373640979
0.06,-0.0,0.11,-0.000205287098806,-0.0014839110285773,0.0009080158911502,0.0014441891851743,0.0003870833489404,0.0004323953479961,0.0017517498657773,0.0015564323494999
0.06,-0.0,0.12,0.0039348559114408,-0.0007593391806135,-9.720361410577248e-05,0.0005280442219206,0.0003237028625069,0.0002654297569908,0.0040086326319096,0.0006738450856058
0.06,-0.0,0.13,0.0049045092655527,-0.0007486499127639,-0.0002437872663179,0.0004394351692573,0.0003162901724731,0.0002439719759706,0.0049673051103181,0.000593856098935
0.07,-0.02,0.07,0.0001189824087127,4.8383000299479355e-05,-5.33257502109532e-05,0.0002335427824705,0.0002842824408168,0.0001745676404028,0.0001390732322793,0.0004072254884909
0.07,-0.02,0.08,-7.978775086781377e-05,1.6517395770213603e-05,0.0001112645589098,0.0003822626004632,0.0002492322242549,0.0002166543881652,0.0001379083450012,0.0005051539579486
0.07,-0.02,0.09,-0.001447230197561,-0.0001276312673684,0.0006598162091616,0.0006518664523932,0.0002830561214151,0.0002814472614133,0.0015956573614078,0.0007643711144355
0.07,-0.02,0.1,-0.0012750527667647,-0.0001754537719979,0.0004721223535683,0.0006840299504224,0.0004163426019279,0.0002847002688562,0.0013709278248258,0.0008498778608375
0.07,-0.02,0.11,-0.0012544782529723,6.187747606791875e-05,0.0007016711110967,0.000880982476891,0.00037823039647,0.0003694809759705,0.0014387101366754,0.0010274748410579
0.07,-0.02,0.12,-0.0001839338309067,0.0004144366141172,0.0003612135753489,0.0004171218472354,0.0003388084957405,0.0001605997263334,0.0005797107971129,0.0005608690616582
0.07,-0.02,0.13,0.0005224685982063,0.0008950226414876,0.0002298390266482,0.0004052225873541,0.0003330377216886,0.0001594367641294,0.0010615389503253,0.0005482148767825
0.07,-0.01,0.07,-0.0003622165552138,-0.0005461479749808,5.4123083355795136e-05,0.0003127340946415,0.0001748421063097,0.0002045504732196,0.0006575771829972,0.0004125691120096
0.07,-0.01,0.08,-0.0014731441572033,-5.158152584173827e-05,0.0008965080636182,0.0003973281726056,0.0002924245180083,0.000227701389774,0.0017252655070577,0.000543350437916
0.07,-0.01,0.09,-0.0021947323615973,-0.0003513608105743,0.0011735119722893,0.0003251209488202,0.0003277976168601,0.000145336500221,0.002513450796685,0.0004840223210529
0.07,-0.01,0.1,-0.003615414518517,-0.0001172403202231,0.0017570866114945,0.0017935171722841,0.0006488432310939,0.0006618866733984,0.0040214824124547,0.0020188599144658
0.07,-0.01,0.11,-0.0058201938667703,0.0008697282777806,0.0026206787247746,0.0053994112890732,0.0012753789174747,0.0016530884523261,0.0064419749225255,0.0057890357645228
0.07,-0.01,0.12,-0.0039195839191037,0.0011549976537367,0.0018954726874823,0.0050110522263435,0.001072624491059,0.001505331822299,0.0045044394088527,0.0053410852463884
0.07,-0.01,0.13,0.0001584749381223,0.000678443520247,0.0007364585253894,0.0005822607297169,0.0002822022887703,0.0002206044468603,0.0010137904496477,0.0006836168598946
0.07,-0.0,0.07,-0.0032174829678402,0.0004270308345415,0.0018817152750909,0.0001732261901815,0.0001187768834014,9.779588719156564e-05,0.0037517201865946,0.0002316879292215
0.07,-0.0,0.08,-0.0027405333160338,-0.0004448949815031,0.0018622276694721,0.0002208906352476,0.0001910053825886,0.0001139424116582,0.0033431042899984,0.0003134622817699
0.07,-0.0,0.09,-0.0022495235838202,-0.001479985365863,0.0018424144774449,0.0006072941515814,0.000460135327962,0.000236626336351,0.0032626989048992,0.0007978237459732
0.07,-0.0,0.1,-0.0036816964571831,-0.0026480775865443,0.0024523809919678,0.0005952881560414,0.0006520087818751,0.0002102315820001,0.0051557129707693,0.0009075685970965
0.07,-0.0,0.11,-0.0038024504827511,-0.0010213661788867,0.0026062916719258,0.0005599811420247,0.0003242970881973,0.0002885875544512,0.0047217131238881,0.0007085409355998
0.07,-0.0,0.12,-0.0023133904545025,-0.0013232487968372,0.0019042980873917,0.0006414479788909,0.000336122114387,0.0002283483129594,0.0032755326252319,0.0007593263708279
0.07,-0.0,0.13,4.839561792483781e-05,-0.000417048826307,0.0013068375182784,0.0007073943852117,0.0003222309656066,0.0003442215134485,0.0013726238226617,0.0008501341433831
0.08,-0.02,0.08,0.0007507469043782,-0.0007897496382744,-0.0006868617233454,0.0004277925724019,0.0008782269669342,0.0002945234894404,0.0012880622782246,0.0010203103333226
0.08,-0.02,0.09,0.0003629426907475,-0.0002730015627414,-0.0001372574414948,0.0005182608898914,0.0005061034162152,0.0003832567611855,0.0004744437324615,0.000819524717681
0.08,-0.02,0.1,-0.0011008743384041,-0.0008396199088628,0.0005155031535125,0.000664895942527,0.0003996465912686,0.0003742661803111,0.0014773724654253,0.0008613240888458
0.08,-0.02,0.11,-0.0040239330119304,-0.0004478867509859,0.0020373853896373,0.000867939418185,0.0004478879848763,0.0003716908402557,0.0045325024712757,0.0010450246702188
0.08,-0.02,0.12,-0.0025577686748071,-0.0003995373649519,0.0014278349001533,0.0006210519069722,0.0004005626865637,0.0003079728995011,0.0029564375863382,0.0008006267818704
0.08,-0.02,0.13,-0.0007467205177156,0.000197095278663,0.0005758776679506,0.0018783333462244,0.0009784193890965,0.0010207638587024,0.0009633655427163,0.0023510422190449
0.08,-0.01,0.08,0.0003965304971153,-0.000870161619235,-0.0005264135327091,0.0004612329044229,0.0003872568355686,0.000364932072941,0.0010915717503451,0.0007041868123432
0.08,-0.01,0.09,-0.000577170834768,-0.0008192479433501,0.000335479530147,0.0009000549174374,0.0006762577344792,0.0005449953090493,0.0010568064535845,0.0012507770643612
0.08,-0.01,0.1,-0.0021564198440524,-0.0012371293339595,0.0010979734092962,0.0005522214489315,0.000397058048094,0.0003027132516941,0.0027177529579209,0.0007444722526511
0.08,-0.01,0.11,-0.00506462455493,-0.0008978791678364,0.0026006174044978,0.0022658661411138,0.0007821879566282,0.0010072537799562,0.0057636637451375,0.0026001014492085
0.08,-0.01,0.12,-0.0043598827453088,-0.0002832942602412,0.0025007376027123,0.0011345601132392,0.0003665785249624,0.0004601804275438,0.0050341356505706,0.001278034620584
0.08,-0.01,0.13,-0.0026529833873523,6.958569236532843e-05,0.0017784953599845,0.0006903878353001,0.0004223841104919,0.0003174668345001,0.0031947157569393,0.000869384202142
0.08,-0.0,0.08,-0.0029935382224308,0.000575847800996,0.001743352021903,0.0002103176144093,0.0001440993165762,0.0001206357157276,0.0035117158272474,0.0002820480240627
0.08,-0.0,0.09,-0.0032844782110411,-0.0003945386854071,0.0021422601161833,0.0003126687597338,0.0002132283260015,0.0001549308778161,0.0039411592581976,0.0004089396645274
0.08,-0.0,0.1,-0.0037780359309817,-0.0028562226555526,0.0023586958329887,0.0005209490489646,0.0005467364797365,0.0002985572158874,0.0052910310324586,0.000812062251955
0.08,-0.0,0.11,-0.0040083733468574,-0.0035047028762786,0.0027818953354728,0.0005052454119323,0.0004495238515124,0.0002368910933313,0.0060074071608572,0.0007165626347061
0.08,-0.0,0.12,-0.0058376130008639,-0.0019048896578945,0.0037889568025409,0.0012170191600821,0.0007284984485938,0.0005240037063518,0.0072154364946364,0.0015120930890263
0.08,-0.0,0.13,-0.0082315572981569,-0.0005211679358662,0.0044730682389311,0.000567451089196,0.0003209726055946,0.0002354243587905,0.0093828828747006,0.0006931441270643
0.09,-0.02,0.1,0.0026005356300816,-0.0013118786751693,-0.0017558450933556,0.0011935521125203,0.0006265549451605,0.0007690395862479,0.0034010003254261,0.0015519534882925
0.09,-0.02,0.11,-0.0012782171123263,-0.000827344848169,0.0007498123232834,0.0012310764910706,0.0005752340351941,0.0005609872476539,0.001697220375845,0.0014700851043878
0.09,-0.02,0.12,-0.0040197384421374,-0.0010459008154946,0.0021234017507092,0.000958264045067,0.0004941752079686,0.0004787690059048,0.0046648730587192,0.001179702876683
0.09,-0.01,0.1,0.0012300552317085,-0.0013051235774618,-0.0010754764981556,0.0006872930355927,0.0004338542808775,0.0004603762922983,0.0020911798400867,0.0009341025555689
0.09,-0.01,0.11,-0.0021546835562605,-0.001601062643258,0.0011510638064976,0.0015593596924732,0.000569114081447,0.0007807812582641,0.002920789397044,0.0018344243951354
0.09,-0.01,0.12,-0.0049064870767208,-0.0013657630833667,0.002874163343015,0.0007162993152886,0.000492213974989,0.0003533203153683,0.0058480543051726,0.0009381868425369
0.09,-0.0,0.1,-0.0002849762991018,-0.0019966263583715,-0.0004412787867042,0.0004227596100092,0.0003996496556833,0.0002942399700402,0.0020645714503472,0.0006519376466444
0.09,-0.0,0.11,-0.0018233122854622,-0.0042563668683316,0.0012909319853887,0.0012934064047981,0.0009653458552794,0.0008761993417529,0.0048070398374726,0.0018364416774747
0.09,-0.0,0.12,-0.0068636168706788,-0.0035092520705563,0.0042916476863547,0.0008225164485916,0.0009952995341855,0.0005313470032931,0.0088228298468216,0.0013962392734995
